,Unnamed: 0,t,epsilon,s1,s2,tr1,num
0,0,0,-0.1243079268833386,0.0,0.0,0.0,19.87569207311666
1,1,1,0.3133068186315354,0.0964293442042584,0.3090169943749474,0.005,20.735368987807384
2,2,2,0.0227819405709491,0.1914525314300462,0.5877852522924731,0.01,20.832507743236704
3,3,3,0.3117035691399578,0.2836839096340285,0.8090169943749473,0.015,21.443569390659626
4,4,4,0.3517200665694471,0.3717785376350148,0.9510565162951536,0.02,21.715305064602127
5,5,5,1.077464338691571,0.4544517973849247,1.0,0.025,22.56602577659951
6,6,6,-0.1576483276430622,0.5304981265926362,0.9510565162951536,0.03,21.342912341555717
7,7,7,-0.4705113503331895,0.5988085985368808,0.8090169943749475,0.035,20.93345422230876
8,8,8,0.1230418076582044,0.6583870927149251,0.5877852522924732,0.04,21.336315259351863
9,9,9,-0.4011400135697717,0.708364820522568,0.3090169943749475,0.045,20.550470536660725
10,10,10,0.740980384218268,0.7480129941483319,1.2246467991473532e-16,0.05,21.38939077953693
11,11,11,-0.1416090194726162,0.7767534539408416,-0.3090169943749469,0.055,20.19487504986761
12,12,12,-0.2827881839369952,0.7941670992784432,-0.587785252292473,0.06,19.76598171796404
13,13,13,-0.2356578605755589,0.8,-0.8090169943749473,0.065,19.579423445612
14,14,14,0.3592087117358205,0.7941670992784432,-0.9510565162951536,0.07,20.01838022323391
15,15,15,-0.0788734916157426,0.7767534539408417,-1.0,0.075,19.517529271536933
16,16,16,-0.3208334100651911,0.748012994148332,-0.9510565162951536,0.08,19.311414817328806
17,17,17,0.8326759588117655,0.708364820522568,-0.8090169943749476,0.085,20.594449121417377
18,18,18,-0.428084920330875,0.6583870927149253,-0.5877852522924732,0.09,19.542060976319345
19,19,19,0.0177830370164967,0.5988085985368811,-0.3090169943749476,0.095,20.25191122203356
20,20,20,0.3261530758051152,0.5304981265926362,-2.4492935982947064e-16,0.1,20.850551577079223
21,21,21,-0.8156675552085366,0.4544517973849247,0.3090169943749472,0.105,19.992812576511845
22,22,22,0.2401302507029624,0.3717785376350153,0.5877852522924722,0.11,21.294116858332693
23,23,23,-0.5275538377402247,0.2836839096340287,0.8090169943749472,0.115,20.70431198377944
24,24,24,0.4113913904170012,0.1914525314300461,0.9510565162951534,0.12,21.730715583485708
25,25,25,-0.4813255059594881,0.0964293442042584,1.0,0.125,20.82081796940392
26,26,26,0.3463845159244302,-2.5729962394826193e-16,0.9510565162951536,0.13,21.5225466838491
27,27,27,0.5529165331473563,-0.0964293442042582,0.8090169943749477,0.135,21.500691751596392
28,28,28,0.4307182628164024,-0.1914525314300459,0.5877852522924734,0.14,21.064120015194085
29,29,29,0.1256583241190512,-0.2836839096340285,0.3090169943749478,0.145,20.38362989022427
30,30,30,-0.1156504714648497,-0.3717785376350144,3.673940397442059e-16,0.15,19.73692669842714
31,31,31,-0.2882097881674219,-0.4544517973849244,-0.309016994374947,0.155,19.1633100801122
32,32,32,0.735517345408552,-0.530498126592636,-0.5877852522924728,0.16,19.824555066612724
33,33,33,-0.3497476100838216,-0.5988085985368808,-0.8090169943749472,0.165,18.44628681727423
34,34,34,-0.5185330367849981,-0.6583870927149251,-0.9510565162951534,0.17,18.078595121118397
35,35,35,0.332684467516415,-0.7083648205225677,-1.0,0.175,18.84099261109836
36,36,36,-0.3980684015932477,-0.7480129941483318,-0.9510565162951538,0.18,18.13735903516342
37,37,37,-0.4750317487330636,-0.7767534539408416,-0.8090169943749477,0.185,18.198646794301823
38,38,38,-0.7218021310848824,-0.7941670992784432,-0.5877852522924735,0.19,18.18630041197064
39,39,39,-0.2414549197302588,-0.8,-0.3090169943749479,0.195,18.973626386457298
40,40,40,-0.0413575119482466,-0.7941670992784432,-4.898587196589413e-16,0.2,19.523308808629
41,41,41,0.1215458638303493,-0.7767534539408417,0.3090169943749452,0.205,20.04506179449012
42,42,42,0.4756531221497417,-0.7480129941483319,0.5877852522924728,0.21,20.733806504352795
43,43,43,0.2634489618328968,-0.7083648205225681,0.8090169943749471,0.215,20.801675799227283
44,44,44,-0.0954361097765899,-0.6583870927149257,0.9510565162951528,0.22,20.64401638397614
45,45,45,-0.0990978381898599,-0.5988085985368808,1.0,0.225,20.74685528298064
46,46,46,0.2550787344575917,-0.5304981265926364,0.9510565162951538,0.23,21.10684240110815
47,47,47,0.6362850814642848,-0.4544517973849247,0.8090169943749468,0.235,21.397642337368787
48,48,48,0.0631570997416001,-0.3717785376350146,0.5877852522924737,0.24,20.65229804715531
49,49,49,-0.2345654271052044,-0.2836839096340288,0.3090169943749496,0.245,20.12340613900001
50,50,50,-0.4964330005427727,-0.1914525314300462,6.123233995736766e-16,0.25,19.60040497431319
51,51,51,-0.7226026322061128,-0.0964293442042589,-0.3090169943749451,0.255,19.11533519861804
52,52,52,0.3331348360217616,5.1459924789652385e-16,-0.5877852522924726,0.26,19.946571058500044
53,53,53,0.2889892618197786,0.0964293442042585,-0.8090169943749481,0.265,19.741214043370743
54,54,54,0.2886817625533308,0.1914525314300458,-0.9510565162951534,0.27,19.6656816197727
55,55,55,-0.0643297231760279,0.2836839096340284,-1.0,0.275,19.3376174045312
56,56,56,0.7034673729458754,0.3717785376350144,-0.9510565162951538,0.28,20.23472803512922
57,57,57,-0.2420592472924088,0.4544517973849244,-0.8090169943749489,0.285,19.516583496803086
58,58,58,0.4776346186036027,0.5304981265926362,-0.5877852522924737,0.29,20.54546934235599
59,59,59,-0.0193714474947715,0.5988085985368805,-0.3090169943749498,0.295,20.41475673752229
60,60,60,-0.3041753823396688,0.6583870927149246,-7.34788079488412e-16,0.3,20.52253429183227
61,61,61,0.2962651536588807,0.708364820522568,0.3090169943749484,0.305,21.507875703889376
62,62,62,0.2048180593419968,0.7480129941483318,0.5877852522924725,0.31,21.75979223218238
63,63,63,0.178486379633463,0.7767534539408416,0.809016994374948,0.315,22.004807836598577
64,64,64,0.0406392110280993,0.7941670992784431,0.9510565162951532,0.32,22.042135058375525
65,65,65,-0.0189465408584154,0.8,1.0,0.325,22.046053459141586
66,66,66,1.1941859964352193,0.7941670992784432,0.951056516295154,0.33,23.20568184378264
67,67,67,0.5921283225980865,0.7767534539408416,0.809016994374949,0.335,22.438449779563204
68,68,68,0.361413447492756,0.748012994148332,0.5877852522924738,0.34,21.94638762033314
69,69,69,0.0558995791016941,0.7083648205225682,0.3090169943749465,0.345,21.30751012933219
70,70,70,0.5035786002983346,0.6583870927149258,8.572527594031472e-16,0.35,21.380288274470274
71,71,71,0.2589973881957259,0.598808598536881,-0.3090169943749483,0.355,20.753125573212788
72,72,72,0.0131023763870178,0.5304981265926365,-0.5877852522924724,0.36,20.15093710013941
73,73,73,-0.1517821626329575,0.4544517973849253,-0.8090169943749459,0.365,19.68686058146254
74,74,74,-0.0404586688313441,0.3717785376350148,-0.9510565162951532,0.37,19.580801993352
75,75,75,-1.5852128679390278,0.2836839096340289,-1.0,0.375,17.916734259768194
76,76,76,0.1053004196488208,0.191452531430047,-0.951056516295154,0.38,19.592300276868187
77,77,77,-0.2442380400551798,0.0964293442042583,-0.8090169943749469,0.385,19.327986741495785
78,78,78,0.796334999141442,2.9391523179536476e-16,-0.5877852522924739,0.39,20.539771221619723
79,79,79,0.0096720354058771,-0.0964293442042591,-0.3090169943749467,0.395,19.987609866230027
80,80,80,-0.5944817097674809,-0.1914525314300464,-9.797174393178826e-16,0.4,19.65235626508848
81,81,81,-0.0249400770640588,-0.2836839096340283,0.3090169943749448,0.405,20.49303148904116
82,82,82,-0.5230605425312521,-0.3717785376350143,0.5877852522924695,0.41,20.23608040488245
83,83,83,0.2367037078562332,-0.4544517973849249,0.8090169943749479,0.415,21.178060963760736
84,84,84,0.1454736821697426,-0.5304981265926362,0.9510565162951532,0.42,21.187237348820304
85,85,85,0.4789198155541338,-0.5988085985368805,1.0,0.425,21.524872936724627
86,86,86,-0.3954408958472827,-0.6583870927149246,0.951056516295154,0.43,20.554011597905447
87,87,87,0.0170040481140734,-0.7083648205225672,0.8090169943749491,0.435,20.775230885508464
88,88,88,-0.6825108977133176,-0.7480129941483313,0.5877852522924769,0.44,19.80564248448974
89,89,89,0.3507473909623572,-0.7767534539408418,0.3090169943749468,0.445,20.514263321622124
90,90,90,0.259435590220061,-0.7941670992784432,1.102182119232618e-15,0.45,20.074101910797307
91,91,91,0.2479025105137854,-0.8,-0.3090169943749447,0.455,19.722983816701348
92,92,92,0.0008095156784705,-0.7941670992784433,-0.5877852522924722,0.46,19.178912058734
93,93,93,0.2073864453943954,-0.7767534539408419,-0.8090169943749457,0.465,19.16106498842928
94,94,94,0.8021695541542981,-0.748012994148332,-0.9510565162951544,0.47,19.627596990910963
95,95,95,-0.1425471285210069,-0.7083648205225682,-1.0,0.475,18.66576101506094
96,96,96,0.0693225918550422,-0.658387092714925,-0.951056516295154,0.48,18.97645074975843
97,97,97,-0.5430631495907049,-0.5988085985368811,-0.8090169943749491,0.485,18.572971277767348
98,98,98,-0.4341304807991661,-0.5304981265926366,-0.587785252292477,0.49,18.984907240405
99,99,99,0.0489066465466536,-0.4544517973849243,-0.3090169943749469,0.495,19.840426514826277
100,100,100,0.5519667733509536,-0.3717785376350149,-1.2246467991473533e-15,0.5,20.754543943242943
101,101,101,-0.1281404121257862,-0.283683909634029,0.3090169943749479,0.505,20.48983115397943
102,102,102,-0.1179582646560619,-0.1914525314300471,0.5877852522924693,0.51,20.885443487721616
103,103,103,-0.2034426222521873,-0.0964293442042598,0.8090169943749457,0.515,21.124332596196847
104,104,104,-0.2673783354221615,1.0291984957930477e-15,0.9510565162951532,0.52,21.298783832502508
105,105,105,0.1474857278544107,0.096429344204259,1.0,0.525,21.849629203217816
106,106,106,-0.7486288225893223,0.1914525314300463,0.9510565162951528,0.53,20.980695370479385
107,107,107,0.6404697883333638,0.2836839096340282,0.8090169943749492,0.535,22.29233560985303
108,108,108,-0.3327111490647302,0.3717785376350142,0.5877852522924741,0.54,21.151275458565
109,109,109,0.3609517427190707,0.4544517973849237,0.3090169943749537,0.545,21.60943187443946
110,110,110,-0.6349992986969379,0.5304981265926361,-2.2056021997384123e-15,0.55,20.33939920257717
111,111,111,0.3344200652731091,0.5988085985368805,-0.3090169943749444,0.555,21.02854825029017
112,112,112,0.3359723039072487,0.6583870927149246,-0.587785252292472,0.56,20.77611820055747
113,113,113,0.1921010360029482,0.7083648205225679,-0.8090169943749477,0.5650000000000001,20.43387419860856
114,114,114,-0.4972142608998961,0.7480129941483318,-0.951056516295152,0.5700000000000001,19.625033966494104
115,115,115,0.1247740947990385,0.7767534539408417,-1.0,0.5750000000000001,20.221176857951715
116,116,116,-0.5915280923671945,0.7941670992784432,-0.951056516295154,0.58,19.57764341913089
117,117,117,-0.1263816275480926,0.8,-0.8090169943749472,0.585,20.208699678639466
118,118,118,0.514706550477663,0.7941670992784433,-0.5877852522924771,0.59,21.09347645237869
119,119,119,0.398350963535371,0.776753453940842,-0.3090169943749504,0.595,21.2748350328756
120,120,120,0.0075914712702165,0.7480129941483326,-1.469576158976824e-15,0.6,21.20600186658888
121,121,121,-0.4874032879614209,0.7083648205225677,0.3090169943749477,0.605,21.02420726226908
122,122,122,0.3227938560870967,0.658387092714925,0.5877852522924748,0.61,22.10606730778076
123,123,123,0.0096906188490126,0.5988085985368811,0.8090169943749455,0.615,21.99365619149096
124,124,124,-1.1601577991152117,0.5304981265926367,0.9510565162951532,0.62,20.930402870083565
125,125,125,0.391314913158259,0.4544517973849256,1.0,0.625,22.4798763510662
126,126,126,-0.012116416934846,0.371778537635015,0.951056516295153,0.63,21.96146858109784
127,127,127,0.6012256239915361,0.283683909634029,0.8090169943749494,0.635,22.353091445511204
128,128,128,-0.5476352594214023,0.1914525314300472,0.5877852522924744,0.64,20.89209054324436
129,129,129,-1.5883519065980003,0.0964293442042599,0.3090169943749472,0.645,19.47371026257785
130,130,130,0.1395419291725926,4.898587196589413e-16,5.14475451769206e-15,0.65,20.7895419291726
131,131,131,0.1457818383409863,-0.0964293442042589,-0.3090169943749509,0.655,20.38371966916513
132,132,132,-0.845335813803226,-0.1914525314300462,-0.5877852522924718,0.66,19.01493838353102
133,133,133,-0.4892497729333032,-0.2836839096340282,-0.8090169943749475,0.665,19.058884405547037
134,134,134,1.3776088718599508,-0.3717785376350154,-0.951056516295152,0.67,20.70402387382727
135,135,135,-0.1528053070769016,-0.4544517973849236,-1.0,0.675,19.05863325501516
136,136,136,0.365479488188108,-0.530498126592636,-0.951056516295154,0.68,19.574918818989328
137,137,137,-0.3253299136841918,-0.5988085985368814,-0.8090169943749473,0.685,18.990704513673855
138,138,138,-1.0451514494265783,-0.6583870927149245,-0.5877852522924716,0.6900000000000001,18.47157509887976
139,139,139,-0.0851291233979527,-0.7083648205225679,-0.3090169943749507,0.6950000000000001,19.70326032637155
140,140,140,-0.1328022801430526,-0.7480129941483312,-1.7145055188062944e-15,0.7000000000000001,19.96878732453828
141,141,141,-0.1999391193341857,-0.7767534539408414,0.3090169943749407,0.705,20.22357681132557
142,142,142,-0.0573204177531962,-0.7941670992784432,0.5877852522924747,0.71,20.66390968034577
143,143,143,0.1321341358228182,-0.8,0.8090169943749453,0.715,21.097052829635256
144,144,144,-0.0750584756269032,-0.7941670992784434,0.951056516295153,0.72,21.05577001287501
145,145,145,-0.6320030839736819,-0.7767534539408416,1.0,0.725,20.571594152873644
146,146,146,0.2430923957809694,-0.7480129941483326,0.9510565162951552,0.73,21.42084416838697
147,147,147,-0.9746858776612116,-0.7083648205225683,0.8090169943749453,0.735,20.08354095973317
148,148,148,-1.0251787286421,-0.6583870927149251,0.5877852522924747,0.74,19.83467537470768
149,149,149,0.3695902473507839,-0.5988085985368821,0.3090169943749474,0.745,20.97546206233372
150,150,150,0.2535101360676784,-0.5304981265926368,5.3896838775215305e-15,0.75,20.579111634793573
151,151,151,-0.028697682537018,-0.4544517973849244,-0.3090169943749439,0.755,20.022822185742605
152,152,152,-0.697724252377536,-0.3717785376350163,-0.5877852522924716,0.76,19.118289139992733
153,153,153,-0.3539554703370376,-0.2836839096340291,-0.8090169943749473,0.765,19.294178708143296
154,154,154,-0.131373373843252,-0.1914525314300459,-0.951056516295154,0.77,19.43930243308804
155,155,155,-0.7979469842870567,-0.09642934420426,-1.0,0.775,18.79990954034953
156,156,156,-0.3695143290116164,-5.878304635907295e-16,-0.9510565162951542,0.78,19.36432350306372
157,157,157,0.3261651690883399,0.096429344204256,-0.8090169943749517,0.785,20.298389950639297
158,158,158,0.7136526821446082,0.1914525314300476,-0.5877852522924718,0.79,21.01025092976693
159,159,159,-0.2097173763292753,0.283683909634028,-0.3090169943749509,0.795,20.4723110575655
160,160,160,0.3782441771580492,0.3717785376350153,-1.959434878635765e-15,0.8,21.475667007266058
161,161,161,-0.9570300352937336,0.4544517973849235,0.3090169943749472,0.805,20.55145009642665
162,162,162,0.3297256205568057,0.530498126592636,0.5877852522924686,0.81,22.210687899352628
163,163,163,-0.4019742073637405,0.5988085985368795,0.8090169943749452,0.8150000000000001,21.78199136527821
164,164,164,0.153672808353985,0.6583870927149245,0.9510565162951508,0.8200000000000001,22.54654465045059
165,165,165,-0.1238762091198546,0.7083648205225664,1.0,0.8250000000000001,22.3678156472982
166,166,166,0.6602070048919171,0.7480129941483322,0.9510565162951532,0.8300000000000001,23.13477956813525
167,167,167,-0.4372178241699591,0.776753453940842,0.8090169943749455,0.835,21.909103632795155
168,168,168,0.3138031487809155,0.7941670992784432,0.5877852522924748,0.84,22.435700605725398
169,169,169,-0.1397537316482667,0.8,0.3090169943749477,0.845,21.685164962164176
170,170,170,-0.0791527390048318,0.7941670992784434,-1.4708141202500005e-15,0.85,21.40618094041792
171,171,171,-0.0919269465796048,0.7767534539408416,-0.3090169943749437,0.855,21.04455712276063
172,172,172,-0.4228365522470564,0.7480129941483327,-0.5877852522924714,0.86,20.389010065549893
173,173,173,-0.0070494829533357,0.7083648205225684,-0.809016994374943,0.865,20.534723679652284
174,174,174,-0.0313241110609107,0.6583870927149267,-0.951056516295152,0.87,20.319223395186363
175,175,175,0.1206201242033646,0.5988085985368822,-1.0,0.875,20.37466700303287
176,176,176,0.0422525728464312,0.5304981265926391,-0.9510565162951564,0.88,20.300488906195877
177,177,177,0.3989972748061181,0.4544517973849246,-0.8090169943749477,0.885,20.75764001890161
178,178,178,0.4617543080236843,0.3717785376350139,-0.587785252292472,0.89,21.002613360609978
179,179,179,-0.5253116609139006,0.2836839096340292,-0.3090169943749444,0.895,20.256716772980884
180,180,180,0.4343862502953855,0.191452531430046,-2.204364238465236e-15,0.9,21.48754827543942
181,181,181,-0.5931682135549272,0.0964293442042601,0.309016994374947,0.905,20.72889395562092
182,182,182,0.2939279440688675,6.85802207522518e-16,0.5877852522924685,0.91,21.850491721590583
183,183,183,0.3098693923514343,-0.0964293442042559,0.8090169943749451,0.915,22.03764461080047
184,184,184,-0.955658445831252,-0.1914525314300447,0.9510565162951528,0.92,20.85734169694938
185,185,185,0.0464896232647048,-0.2836839096340279,1.0,0.925,21.844542495557484
186,186,186,-0.2342480566801578,-0.3717785376350127,0.9510565162951554,0.93,21.444491281136504
187,187,187,-0.3793826289676875,-0.4544517973849257,0.8090169943749457,0.935,21.08197462693681
188,188,188,0.6754261653495027,-0.5304981265926358,0.5877852522924693,0.94,21.83759144159711
189,189,189,-0.3268395703187094,-0.5988085985368813,0.3090169943749479,0.945,20.479032244664225
190,190,190,-0.4031884645590249,-0.6583870927149245,-1.2258847604205302e-15,0.95,20.020101861269037
191,191,191,0.0378474700025467,-0.7083648205225678,-0.3090169943749435,0.955,20.086236919772052
192,192,192,0.3427948731492082,-0.7480129941483321,-0.5877852522924712,0.96,20.057820700308824
193,193,193,-0.0708242930050634,-0.7767534539408414,-0.809016994374947,0.965,19.382854250029823
194,194,194,0.5831852728346261,-0.7941670992784432,-0.9510565162951518,0.97,19.871689425487205
195,195,195,0.2654878309820452,-0.8,-1.0,0.975,19.50048783098205
196,196,196,-1.0891056598657152,-0.7941670992784434,-0.9510565162951564,0.98,18.209398492786857
197,197,197,-0.2647334817535041,-0.7767534539408424,-0.809016994374952,0.985,19.208945061281376
198,198,198,-0.2809210496758495,-0.7480129941483317,-0.5877852522924722,0.99,19.464104777483765
199,199,199,0.2396804767147111,-0.7083648205225672,-0.3090169943749447,0.995,20.32806992648422
200,200,200,-1.312408528187056,-0.6583870927149252,-2.4492935982947065e-15,1.0,19.160881797641
201,201,201,1.274504854358861,-0.5988085985368804,0.3090169943749468,1.005,22.1403766693418
202,202,202,0.265513047447105,-0.5304981265926368,0.587785252292474,1.01,21.49767832369472
203,203,203,0.0744384019588455,-0.4544517973849247,0.8090169943749449,1.015,21.615795657863345
204,204,204,0.5907838582095731,-0.3717785376350165,0.9510565162951506,1.02,22.359523196026224
205,205,205,1.1718270264063124,-0.2836839096340293,1.0,1.025,23.06987989869909
206,206,206,0.4353733222942016,-0.1914525314300489,0.9510565162951554,1.03,22.358373465074838
207,207,207,0.47440654823581,-0.0964293442042602,0.80901699437495,1.035,22.32218176668485
208,208,208,0.0653450122321911,2.058396991586095e-15,0.5877852522924751,1.04,21.75190878975392
209,209,209,-0.0707628766834741,0.0964293442042586,0.3090169943749482,1.045,21.391299292492377
210,210,210,-0.2378977220024505,0.1914525314300473,-9.809554005910593e-16,1.05,20.965264303141588
211,211,211,-0.413055995857271,0.2836839096340278,-0.30901699437495,1.055,20.528972438037503
212,212,212,-0.3435070498497486,0.3717785376350151,-0.5877852522924768,1.06,20.36735200273654
213,213,213,-0.6752779821714916,0.4544517973849233,-0.8090169943749428,1.065,19.86336476192401
214,214,214,-0.0379357253425116,0.5304981265926357,-0.9510565162951516,1.07,20.41030060800693
215,215,215,-0.8423337886131934,0.5988085985368793,-1.0,1.075,19.61171309021631
216,216,216,0.0954582620718553,0.6583870927149243,-0.9510565162951544,1.08,20.65600576831912
217,217,217,-0.0181653040211708,0.7083648205225663,-0.809016994374948,1.085,20.74360785858444
218,218,218,0.0734676491933438,0.7480129941483311,-0.5877852522924839,1.09,21.115314266990275
219,219,219,-0.2610657850099962,0.776753453940842,-0.3090169943749449,1.095,21.11541828433024
220,220,220,1.5384301850902518,0.7941670992784432,4.411204399476825e-15,1.1,23.27376386451301
221,221,221,0.6800579500901565,0.8,0.3090169943749533,1.105,22.764976643902603
222,222,222,-0.6222712500423614,0.7941670992784434,0.587785252292468,1.11,21.76962620690211
223,223,223,0.1164340437134491,0.7767534539408417,0.8090169943749448,1.115,22.74275550067856
224,224,224,-0.3040030714686618,0.7480129941483327,0.9510565162951528,1.12,22.460569491774677
225,225,225,-0.507239863353707,0.7083648205225686,1.0,1.125,22.284451993064348
226,226,226,-0.6700360355619674,0.6583870927149253,0.9510565162951532,1.13,22.03283580653464
227,227,227,0.2161083453796269,0.5988085985368823,0.8090169943749543,1.135,22.720073918021583
228,228,228,-0.3406901175347869,0.530498126592637,0.5877852522924811,1.14,21.87027216126105
229,229,229,0.483913012012602,0.4544517973849271,0.3090169943749551,1.145,22.332393143733
230,230,230,0.4968911072652195,0.371778537635014,-7.841453398362591e-15,1.15,21.944313937373224
231,231,231,0.6869571926057247,0.2836839096340294,-0.309016994374943,1.155,21.72898562650051
232,232,232,-0.4261933830370518,0.1914525314300462,-0.5877852522924709,1.16,20.240404864585265
233,233,233,0.2376828053460051,0.0964293442042574,-0.8090169943749468,1.165,20.58990758689697
234,234,234,0.3162271083211504,8.817456953860943e-16,-0.9510565162951538,1.17,20.44006494039648
235,235,235,-0.2370890875519824,-0.0964293442042585,-1.0,1.175,19.76076743708461
236,236,236,-0.3858859786964375,-0.1914525314300445,-0.9510565162951566,1.18,19.594789828234852
237,237,237,0.8047603328879864,-0.2836839096340277,-0.8090169943749523,1.185,20.87289451136832
238,238,238,0.1137479378660268,-0.3717785376350125,-0.5877852522924784,1.19,20.35976133023629
239,239,239,0.317983875355869,-0.4544517973849232,-0.3090169943749519,1.195,20.80950374363548
240,240,240,-0.4110380059139637,-0.5304981265926335,-2.939152317953648e-15,1.2,20.36456349281193
241,241,241,-0.6096422332610969,-0.5988085985368811,0.3090169943749463,1.205,20.45622958172184
242,242,242,-0.2847248872460552,-0.6583870927149259,0.5877852522924737,1.21,21.045129216103724
243,243,243,-0.0620106936949985,-0.7083648205225677,0.8090169943749488,1.215,21.476216143699396
244,244,244,-0.5321100034086744,-0.748012994148332,0.9510565162951548,1.22,21.135641769197328
245,245,245,-0.0049224043251915,-0.7767534539408413,1.0,1.225,21.698674832522133
246,246,246,-0.84425259403425,-0.7941670992784432,0.9510565162951556,1.23,20.79657589446767
247,247,247,-0.5600237112349361,-0.8,0.8090169943749502,1.235,20.92489498257751
248,248,248,0.3354556241384375,-0.7941670992784434,0.5877852522924756,1.24,21.586685722237405
249,249,249,0.3018952601389471,-0.7767534539408425,0.3090169943749486,1.245,21.26541119079872
250,250,250,-0.1959383826934332,-0.7480129941483327,1.3719758034269886e-14,1.25,20.455651221987917
251,251,251,-0.5088821545384765,-0.7083648205225672,-0.3090169943749495,1.255,19.839507295231027
252,252,252,-0.5137017757630055,-0.6583870927149253,-0.5877852522924764,1.26,19.573024772543327
253,253,253,-0.186634122970657,-0.5988085985368804,-0.8090169943749508,1.265,19.709400304387398
254,254,254,0.3222592458226457,-0.5304981265926371,-0.9510565162951516,1.27,20.12169857662387
255,255,255,0.4641228456721623,-0.4544517973849248,-1.0,1.275,20.275561407764226
256,256,256,-0.2482658677409845,-0.3717785376350166,-0.9510565162951544,1.28,19.68814913422633
257,257,257,-0.5767462129923919,-0.2836839096340295,-0.8090169943749482,1.285,19.59138796548794
258,258,258,0.1339218189331666,-0.191452531430049,-0.5877852522924728,1.29,20.62419601626741
259,259,259,-0.4117674853129247,-0.0964293442042603,-0.3090169943749589,1.295,20.466170345511213
260,260,260,-0.2591263194306012,-9.797174393178826e-16,-1.028950903538412e-14,1.3,21.040873680569387
261,261,261,0.6626380452185188,0.0964293442042556,0.3090169943749393,1.305,22.38470021439436
262,262,262,0.413557714282884,0.1914525314300471,0.5877852522924791,1.31,22.52328351694865
263,263,263,0.0789871561257258,0.2836839096340277,0.8090169943749446,1.315,22.51085297764539
264,264,264,-0.6359595005563614,0.3717785376350149,0.9510565162951524,1.32,22.02762549747632
265,265,265,0.1056982837353294,0.4544517973849232,1.0,1.325,22.894259721643262
266,266,266,0.5313286453937632,0.5304981265926356,0.9510565162951534,1.33,23.33188931459254
267,267,267,-0.1878168328827678,0.5988085985368811,0.8090169943749462,1.335,22.516148739759178
268,268,268,0.6755570449933576,0.6583870927149258,0.5877852522924816,1.34,23.18883049668703
269,269,269,0.6463726447591035,0.7083648205225663,0.3090169943749556,1.345,22.897983194989607
270,270,270,0.8318664160717367,0.748012994148331,6.859260036498355e-15,1.35,22.780276811390408
271,271,271,0.1526215632656764,0.7767534539408413,-0.3090169943749425,1.355,21.789105632605917
272,272,272,0.2936958499030061,0.7941670992784431,-0.5877852522924705,1.36,21.642465751804043
273,273,273,0.707093644165545,0.8,-0.8090169943749466,1.365,21.822174950353105
274,274,274,0.2236969685344878,0.7941670992784431,-0.9510565162951536,1.37,21.18286848003257
275,275,275,-0.2506170538951063,0.7767534539408412,-1.0,1.375,20.645785709257567
276,276,276,-0.2242714182639306,0.7480129941483327,-0.9510565162951524,1.38,20.707976809130063
277,277,277,0.1192774768868695,0.7083648205225686,-0.8090169943749526,1.385,21.18105063949248
278,278,278,-0.6452807109731094,0.6583870927149253,-0.5877852522924788,1.39,20.624865185677105
279,279,279,-0.0716294576820963,0.5988085985368805,-0.3090169943749524,1.395,21.46249872733496
280,280,280,0.5482735591151269,0.5304981265926393,-3.429011037612589e-15,1.4,22.372672060389235
281,281,281,-1.0956269255826403,0.4544517973849272,0.3090169943749458,1.405,21.012853206137745
282,282,282,0.7672410508972575,0.3717785376350167,0.5877852522924617,1.41,23.12122765852698
283,283,283,0.5611871093515798,0.2836839096340296,0.8090169943749486,1.415,23.093052930871245
284,284,284,-0.2298823079152381,0.1914525314300464,0.9510565162951546,1.42,22.389441885153467
285,285,285,0.2716954139359048,0.0964293442042576,1.0,1.425,22.87383888929931
286,286,286,0.0015738634531633,-1.7644817597907301e-15,0.9510565162951558,1.43,22.477736031377837
287,287,287,0.6149951842193415,-0.0964293442042555,0.8090169943749506,1.435,22.862770402668385
288,288,288,0.4913415713849706,-0.1914525314300443,0.587785252292476,1.44,22.42474332376266
289,289,289,-0.7000353615915046,-0.2836839096340276,0.3090169943749491,1.445,20.85793620451372
290,290,290,0.2936312067320883,-0.3717785376350149,-1.2379612731767154e-18,1.45,21.446208376624075
291,291,291,-0.1028139268216238,-0.4544517973849207,-0.3090169943749355,1.455,20.648705941458008
292,292,292,0.0414162852590499,-0.5304981265926334,-0.5877852522924645,1.46,20.430454006463236
293,293,293,-0.3640859504849077,-0.5988085985368791,-0.8090169943749421,1.465,19.731948476873157
294,294,294,0.8740685345604177,-0.6583870927149241,-0.9510565162951558,1.47,20.771196692463807
295,295,295,0.520030909951288,-0.7083648205225677,-1.0,1.475,20.328339053533234
296,296,296,-0.3698855819864836,-0.748012994148332,-0.9510565162951546,1.48,19.46554185477018
297,297,297,-0.6673053034551163,-0.7767534539408419,-0.8090169943749486,1.485,19.306373239579766
298,298,298,-0.1928363154889241,-0.7941670992784428,-0.5877852522924732,1.49,20.0152662275666
299,299,299,0.2172513230456528,-0.8,-0.3090169943749458,1.495,20.732332629233213
300,300,300,0.1201029219731115,-0.7941670992784434,-1.077936775504306e-14,1.5,20.984769242550342
301,301,301,0.6265664123841217,-0.7767534539408418,0.3090169943749388,1.505,21.85008234304388
302,302,302,0.3949598610904261,-0.7480129941483318,0.5877852522924673,1.51,21.95311324329348
303,303,303,0.4847845128764534,-0.7083648205225699,0.8090169943749441,1.515,22.32301135027084
304,304,304,0.1634277003052186,-0.6583870927149271,0.9510565162951524,1.52,22.202880194057943
305,305,305,-0.6946493651054951,-0.5988085985368825,1.0,1.525,21.451303756065
306,306,306,-0.0978492655734507,-0.5304981265926373,0.9510565162951536,1.53,22.053914401077108
307,307,307,0.5300448699543328,-0.4544517973849249,0.8090169943749466,1.535,22.591402125858835
308,308,308,-0.025761464262323,-0.3717785376350143,0.5877852522924705,1.54,21.863379483151384
309,309,309,0.2515451843118734,-0.283683909634027,0.309016994374956,1.545,21.9095167504171
310,310,310,-0.1593741576230665,-0.1914525314300492,7.349118756157295e-15,1.55,21.237463817232904
311,311,311,-0.5149059242709225,-0.0964293442042605,-0.3090169943749421,1.555,20.623031906553237
312,312,312,-0.0616720320230552,-1.175660927181459e-15,-0.58778525229247,1.56,20.851764190455228
313,313,313,0.1545237215163269,0.0964293442042582,-0.8090169943749462,1.565,20.90674850306729
314,314,314,-0.3278438597307218,0.1914525314300414,-0.9510565162951492,1.57,20.349155997488644
315,315,315,-0.1178556224283342,0.2836839096340302,-1.0,1.575,20.58409150527889
316,316,316,-0.4697316209929913,0.3717785376350173,-0.9510565162951524,1.58,20.361529041190355
317,317,317,0.559622458782048,0.4544517973849231,-0.8090169943749446,1.585,21.61826520287755
318,318,318,-0.147227878794017,0.5304981265926355,-0.5877852522924791,1.59,21.220606844958365
319,319,319,0.7263777725630916,0.5988085985368808,-0.3090169943749528,1.595,22.460505957580143
320,320,320,0.7643739252704542,0.6583870927149257,-3.91886975727153e-15,1.6,22.891083599442396
321,321,321,-0.0405229823608718,0.7083648205225662,0.3090169943749453,1.605,22.47108756786962
322,322,322,-0.5042243662736748,0.7480129941483309,0.5877852522924728,1.61,22.35074980656671
323,323,323,-1.0429489388666686,0.7767534539408412,0.8090169943749399,1.615,22.08337251809844
324,324,324,-0.7360185365133958,0.7941670992784431,0.95105651629515,1.62,22.565477310834023
325,325,325,-0.68691741244933,0.8,1.0,1.625,22.678082587550676
326,326,326,0.6892348137307523,0.7941670992784438,0.951056516295156,1.63,24.00073066107818
327,327,327,0.057912293613473,0.7767534539408412,0.8090169943749508,1.635,23.20423375057859
328,328,328,0.1948022620459939,0.7480129941483328,0.5877852522924878,1.64,23.079776434886394
329,329,329,-1.110210504467563,0.7083648205225687,0.3090169943749495,1.645,21.441400045762936
330,330,330,-0.5989832146086308,0.6583870927149288,1.4699475473587772e-14,1.65,21.57772645956333
331,331,331,0.4435398882231435,0.5988085985368807,-0.3090169943749486,1.655,22.237668073240204
332,332,332,0.1433870561912931,0.5304981265926351,-0.5877852522924756,1.66,21.58122177994368
333,333,333,-0.0736026393427986,0.4544517973849274,-0.8090169943749419,1.665,21.065040104752708
334,334,334,0.2824211793000613,0.3717785376350119,-0.9510565162951556,1.67,21.2036818414834
335,335,335,0.8178989030679075,0.2836839096340298,-1.0,1.675,21.61984603077513
336,336,336,-0.1105212317685252,0.1914525314300466,-0.9510565162951548,1.68,20.67647862545084
337,337,337,0.0346849013290347,0.0964293442042635,-0.8090169943749572,1.685,20.90690968287999
338,338,338,0.0962984593656525,-1.5685382719271534e-15,-0.5877852522924737,1.69,21.13973468184393
339,339,339,1.1960548176369965,-0.0964293442042553,-0.3090169943749598,1.695,22.47399264846113
340,340,340,-1.0496781322095128,-0.1914525314300441,2.941628240500001e-15,1.7,20.49715984264645
341,341,341,0.341611507394404,-0.283683909634022,0.3090169943749384,1.705,22.15958307349962
342,342,342,-0.0574011243795318,-0.3717785376350146,0.5877852522924668,1.71,22.00173982303417
343,343,343,0.2833858630920898,-0.4544517973849253,0.8090169943749523,1.715,22.5247431189966
344,344,344,-0.3286862769973622,-0.5304981265926333,0.9510565162951524,1.72,22.0130773896532
345,345,345,-0.0244825154292251,-0.5988085985368826,1.0,1.725,22.321470605741272
346,346,346,0.3557052897327475,-0.658387092714924,0.9510565162951582,1.73,22.60515778348548
347,347,347,1.5564551005219205,-0.7083648205225676,0.8090169943749468,1.735,23.614681937916306
348,348,348,0.4040180947010357,-0.7480129941483299,0.5877852522924824,1.74,22.192171476904104
349,349,349,-0.4240327990152543,-0.7767534539408419,0.309016994374943,1.745,21.03948313164451
350,350,350,-0.2118798410113516,-0.7941670992784428,7.838977475816237e-15,1.75,20.9027864795659
351,351,351,-0.226707054191927,-0.8,-0.3090169943749417,1.755,20.54837425199564
352,352,352,-0.8978215863150075,-0.7941670992784441,-0.5877852522924581,1.76,19.58028095674053
353,353,353,-0.1650450958507186,-0.7767534539408418,-0.8090169943749459,1.765,20.08863344718417
354,354,354,0.3664145409108725,-0.7480129941483318,-0.9510565162951532,1.77,20.49184197766754
355,355,355,-0.6371160595383976,-0.70836482052257,-1.0,1.775,19.471192084043548
356,356,356,0.5242413255252962,-0.658387092714924,-0.9510565162951528,1.78,20.731369483428686
357,357,357,0.2438874105421691,-0.5988085985368826,-0.8090169943749531,1.785,20.65992183790021
358,358,358,-0.3671166609855189,-0.5304981265926373,-0.587785252292468,1.79,20.35192106021865
359,359,359,-0.0707648186689237,-0.4544517973849298,-0.3090169943749533,1.795,21.020755049610685
360,360,360,0.7991609038205165,-0.3717785376350145,-4.408728476930472e-15,1.8,22.301738073712503
361,361,361,0.3667739067529329,-0.2836839096340325,0.3090169943749314,1.805,22.28474547285813
362,362,362,0.0043918274490739,-0.1914525314300494,0.5877852522924724,1.81,22.307793579826757
363,363,363,-0.1188416584804921,-0.0964293442042551,0.809016994374948,1.815,22.508933559968547
364,364,364,0.0383045352258298,-1.3716044150450357e-15,0.95105651629515,1.82,22.904466703150494
365,365,365,-0.2558817789711517,0.096429344204258,1.0,1.825,22.746261696392256
366,366,366,-1.052374752859507,0.1914525314300412,0.951056516295156,1.83,21.9769494402092
367,367,367,1.0210889552673654,0.2836839096340299,0.8090169943749428,1.835,23.972954776787027
368,368,368,0.0776624995997007,0.371778537635012,0.5877852522924768,1.84,22.86164910722944
369,369,369,0.1990736325612685,0.4544517973849229,0.30901699437495,1.845,22.74755376428165
370,370,370,-0.0289538749384543,0.5304981265926353,1.5189334193246713e-14,1.85,22.24544462633567
371,371,371,-0.367558400362294,0.5988085985368808,-0.3090169943749482,1.855,21.62656978465477
372,372,372,-0.0929622404743853,0.6583870927149224,-0.5877852522924637,1.86,21.64718365617584
373,373,373,-0.7996973810971556,0.7083648205225661,-0.8090169943749417,1.865,20.74207578150846
374,374,374,1.1385432490266525,0.7480129941483329,-0.9510565162951554,1.87,22.56079147642065
375,375,375,-0.617255999211198,0.7767534539408412,-1.0,1.875,20.779146763941476
376,376,376,-0.5159831419235897,0.7941670992784431,-0.9510565162951506,1.88,20.953188369574494
377,377,377,-0.2201296021932002,0.8,-0.8090169943749491,1.885,21.414951703994355
378,378,378,0.6440378624261888,0.7941670992784431,-0.587785252292474,1.89,22.522807764327226
379,379,379,0.007254499631327,0.7767534539408425,-0.3090169943749603,1.895,22.183738568971545
380,380,380,-0.6180678980152312,0.7480129941483329,2.4517695208410603e-15,1.9,21.88034249730344
381,381,381,0.6271691803786698,0.7083648205225688,0.3090169943749379,1.905,23.43877973060916
382,382,382,0.3655003133927407,0.6583870927149257,0.5877852522924665,1.91,23.448773765086397
383,383,383,0.2692174786082262,0.5988085985368845,0.8090169943749352,1.915,23.55318305125016
384,384,384,0.3578671205854202,0.5304981265926353,0.951056516295152,1.92,23.7484277897842
385,385,385,1.1971809502912254,0.4544517973849229,1.0,1.925,24.585742388199165
386,386,386,1.092547447518056,0.3717785376350171,0.951056516295154,1.93,24.36613244555074
387,387,387,-0.3433576715016476,0.2836839096340299,0.809016994374947,1.935,22.70850815001802
388,388,388,0.8119424964055761,0.1914525314300468,0.5877852522924827,1.94,23.55166829907134
389,389,389,0.1915840948794501,0.096429344204258,0.3090169943749435,1.945,22.55364626405529
390,390,390,0.2495479080688747,4.311747102017225e-15,8.328836195475178e-15,1.95,22.199547908068887
391,391,391,-0.8461354158216643,-0.0964293442042607,-0.3090169943749412,1.955,20.69180241500249
392,392,392,-0.0851928826940979,-0.1914525314300439,-0.5877852522924577,1.96,21.07508131464016
393,393,393,-0.4064117951682824,-0.2836839096340272,-0.8090169943749457,1.965,20.44172238331205
394,394,394,0.4140294074466546,-0.3717785376350095,-0.9510565162951488,1.97,21.040444409413983
395,395,395,0.5355402502014025,-0.4544517973849251,-1.0,1.975,21.046978812293464
396,396,396,-1.0372431755081557,-0.5304981265926373,-0.9510565162951528,1.98,19.472196155293062
397,397,397,-0.0110174320021352,-0.5988085985368788,-0.8090169943749534,1.985,20.605016995355918
398,398,398,0.5609307523971261,-0.6583870927149271,-0.5877852522924685,1.99,21.37765730070347
399,399,399,-0.0933394811567224,-0.7083648205225674,-0.3090169943749537,1.995,20.995049968612776
